,revenue,revenue,revenue,quantity,rating
,sum,mean,count,sum,mean
product_category,,,,,
Food,35709363388.0813,18954.718799573922,1883930,18850235,3.000213914529733
Clothing,35693692799.3891,18927.271859235276,1885834,18852141,2.9986557671566003
Books,35693959275.2251,18949.97224724985,1883589,18847398,2.9997451673374607
Electronics,35691479453.4265,18923.077856795244,1886135,18857731,2.9986384855803006
Home,35683167579.630905,18944.665346620448,1883547,18822257,2.9983010777007424
